ID,vi,surfaceTension,radius,cTime,maxDeflection,coefOfRestitution
Sat135403,-0.35,27,0.9,3.34975,0.3085829754,0.619274143997036
Sat135524,-0.65,27,0.9,3.320875,0.5560919349,0.597974590316543
Sat135653,-0.95,27,0.9,3.3139375,0.8008937718,0.589696486475176
Sat135822,-0.35,27,0.95,3.58075,0.3368389684,0.735794658942406
Sat135947,-0.65,27,0.95,3.534875,0.6045180841,0.706369888314286
Sat140115,-0.95,27,0.95,3.5229375,0.8721633311,0.708259157129802
Sat140244,-0.35,27,0.995,3.76975,0.3619815693,0.809548864058793
Sat140407,-0.65,27,0.995,3.709875,0.6500280445,0.796341697725963
Sat140534,-0.95,27,0.995,3.6969375,0.9378941732,0.796411680588994
