ID,vi,surfaceTension,radius,cTime,maxDeflection
2244,-0.2,28,0.85,3.0695,0.1642613957
2614,-0.5,28,0.85,2.960875,0.3885271691
2949,-0.8,28,0.85,2.5099375,0.6095242987
3253,-1.1,28,0.85,2.4939375,0.8308788639
3605,-0.2,28,0.9,3.3615,0.1803934575
3944,-0.5,28,0.9,3.269875,0.4254728167
4321,-0.8,28,0.9,3.2579375,0.6675724596
4717,-1.1,28,0.9,3.2579375,0.9082680477
5107,-0.2,28,0.95,3.5955,0.1975162267
5455,-0.5,28,0.95,3.485875,0.4632314082
5841,-0.8,28,0.95,3.4629375,0.7251980809
222,-1.1,28,0.95,3.4579375,0.9884260457