ID,vi,surfaceTension,radius,cTime,maxDeflection
3510,-0.99851,50.6164,0.795,1.6739375,0.509023943
5115,-0.99851,50.6164,0.795,1.6739375,0.509023943
1630,-0.99851,50.6164,0.795,1.65375,0.5029384031
2055,-0.99851,50.6164,0.795,1.65375,0.5029384031
952,-0.78065,27,0.795,2.2989375,0.5466603552
3823,-1.20645,27,0.795,2.2744375,0.832626964
5451,-0.50322,27,0.795,2.33234375,0.357437318286039
957,-0.50323,73,0.795,1.43484375,0.2196270421
