ID,vi,surfaceTension,radius,cTime,maxDeflection,coefOfRestitution,Density,labcTime,labcoefOfRestitution
Sat205145,-0.472,115,2.38,3.417875,0.4826383865,0.373948210331779,3.25,3.898875,0.373948002695895
Sat205348,-0.4872,115,2.38,3.4139609375,0.4972772028,0.373753906014468,3.25,3.8959609375,0.373753710727254
Sat205550,-0.5685,115,2.38,3.3799648437,0.5726742397,0.369512769936508,3.25,3.8649648437,0.369512625617932
Sat205756,-0.6331,115,2.38,3.3629648437,0.633260377,0.367351038858618,3.25,3.8509648437,0.367350921769472
Sat210004,-0.6799,115,2.38,3.3469648437,0.6756461085,0.364558969990675,3.25,3.8369648437,0.364558868050013
Sat210211,-0.7411,115,2.38,3.3329667969,0.7320109624,0.362163866454032,3.25,3.8249667969,0.362163780304498
