ID,vi,surfaceTension,radius,cTime,maxDeflection,coefOfRestitution,Density,labcTime,labcoefOfRestitution
Sat205400,-0.472,99,2.38,3.6829375,0.5194388372,0.369569925988927,3.25,4.2059375,0.369569700222701
Sat205618,-0.4872,99,2.38,3.672953125,0.5344427654,0.368522531721148,3.25,4.196953125,0.36852231941723
Sat205834,-0.5685,99,2.38,3.637953125,0.6156365066,0.364886496555322,3.25,4.164953125,0.364886339739115
Sat210052,-0.6331,99,2.38,3.6159648437,0.6798321312,0.362101819092965,3.25,4.1459648437,0.362101691926528
Sat210317,-0.6799,99,2.38,3.5999667969,0.7257160453,0.35968471187985,3.25,4.1319667969,0.359684601201468
Sat210549,-0.7411,99,2.38,3.5849648437,0.7862114768,0.357408856891186,3.25,4.1189648437,0.357408763387469
