ID,vi,surfaceTension,radius,cTime,maxDeflection,coefOfRestitution,Density,labcTime,labcoefOfRestitution
Sat204206,-0.472,107,2.38,3.540875,0.499693505,0.371517905993085,3.25,4.041875,0.371517689723701
Sat204403,-0.4872,107,2.38,3.5389648438,0.5152650877,0.37181966699651,3.25,4.0409648438,0.371819463606101
Sat204604,-0.5685,107,2.38,3.5009648438,0.592902063,0.367250802111641,3.25,4.0059648438,0.367250651841828
Sat204806,-0.6331,107,2.38,3.4819648438,0.6551548662,0.364706228296956,3.25,3.9899648438,0.364706106409114
Sat205007,-0.6799,107,2.38,3.4659648438,0.6992180927,0.362204875983346,3.25,3.9759648438,0.362204769881878
Sat205210,-0.7411,107,2.38,3.4509648438,0.7575215646,0.359819441509596,3.25,3.9629648438,0.359819351858082
