ID,vi,surfaceTension,radius,cTime,maxDeflection,coefOfRestitution,Density,labcTime,labcoefOfRestitution
Sat205557,-0.3832,107,2.38,7.227875,0.6810999049,0.554072057314315,7.93,6.564875,0.513392757365906
Sat205931,-0.4667,107,2.38,7.183875,0.8151751492,0.541628893564127,7.93,6.500875,0.499403116806439
Sat210305,-0.541,107,2.38,7.1519648437,0.9324766811,0.532885861254699,7.93,6.4509648437,0.489322844436209
Sat210647,-0.6084,107,2.38,7.1339667969,1.039433172,0.527841925162622,7.93,6.4219667969,0.483020512942054
Sat211038,-0.6623,107,2.38,7.120953125,1.1233120423,0.522199794587569,7.93,6.395953125,0.476275655300836
Sat211415,-0.719,107,2.38,7.1129677734,1.2129360636,0.519826782722111,7.93,6.3799677734,0.472820471620796
Sat211827,-0.7299,107,2.38,7.1109609375,1.229514715,0.518002425333727,7.93,6.3749609375,0.470789962129236
