ID,vi,surfaceTension,radius,cTime,maxDeflection,coefOfRestitution,Density,labcTime,labcoefOfRestitution
Sat205158,-0.472,70,2.38,4.3689375,0.6145541268,0.357137936628236,3.25,5.0059375,0.357137661650986
Sat205432,-0.4872,70,2.38,4.35496875,0.6316741091,0.355716736574009,3.25,4.99096875,0.355716478892127
Sat205704,-0.5685,70,2.38,4.3089609375,0.72684292,0.352390329332858,3.25,4.9489609375,0.352390138891898
Sat205938,-0.6331,70,2.38,4.2829648437,0.8024934762,0.350111020419108,3.25,4.9259648437,0.350110866139805
Sat210219,-0.6799,70,2.38,4.2669667969,0.8573104599,0.348624280791695,3.25,4.9129667969,0.348624146396495
Sat210509,-0.7411,70,2.38,4.2459609375,0.9278539249,0.346099046272489,3.25,4.8939609375,0.346098932807285
