ID,vi,surfaceTension,radius,cTime,maxDeflection,coefOfRestitution,Density,labcTime,labcoefOfRestitution
Sat205145,-0.472,115,2.38,3.417875,0.4826383865,0.373948210331779,3.25,3.898875,0.373948002695895
Sat205348,-0.4872,115,2.38,3.4139609375,0.4972772028,0.373753906014468,3.25,3.8959609375,0.373753710727254
Sat205550,-0.5685,115,2.38,3.3799648437,0.5726742397,0.369512769936508,3.25,3.8649648437,0.369512625617932
Sat205756,-0.6331,115,2.38,3.3629648437,0.633260377,0.367351038858618,3.25,3.8509648437,0.367350921769472
Sat210004,-0.6799,115,2.38,3.3469648437,0.6756461085,0.364558969990675,3.25,3.8369648437,0.364558868050013
Sat210211,-0.7411,115,2.38,3.3329667969,0.7320109624,0.362163866454032,3.25,3.8249667969,0.362163780304498
Sat214616,-0.3832,115,2.38,6.964875,0.6569917263,0.552824476733874,7.93,6.328875,0.512808785137744
Sat214952,-0.4667,115,2.38,6.921875,0.7868993421,0.544042317634254,7.93,6.269875,0.502865063348512
Sat215330,-0.541,115,2.38,6.8929609375,0.9000226262,0.532708899261978,7.93,6.2219609375,0.490111570352559
Sat215711,-0.6084,115,2.38,6.8769609375,1.0032377079,0.527010412730359,7.93,6.1929609375,0.483033878973247
Sat220051,-0.6623,115,2.38,6.8649667969,1.0846189241,0.522087493688122,7.93,6.1699667969,0.477099119059375
Sat220446,-0.719,115,2.38,6.8559648438,1.1706489475,0.518766625920731,7.93,6.1519648438,0.472751109774355
Sat220835,-0.7299,115,2.38,6.8539609375,1.1878667829,0.520241629365318,7.93,6.1519609375,0.474157862476985
